{"stats":{"minecraft:mined":{"minecraft:dark_oak_log":4,"minecraft:crafting_table":1,"bakery:wild_strawberries":1,"minecraft:spruce_leaves":1,"farmersdelight:wild_beetroots":1,"minecraft:coarse_dirt":2,"minecraft:furnace":1,"minecraft:sweet_berry_bush":5,"minecraft:grass":2,"minecraft:oak_log":5,"minecraft:coal_ore":19,"minecraft:dirt":1,"minecraft:stone":20,"minecraft:fern":3,"minecraft:oak_leaves":2,"farmersdelight:wild_potatoes":4},"minecraft:picked_up":{"minecraft:crafting_table":1,"minecraft:coarse_dirt":2,"minecraft:feather":6,"minecraft:chicken":4,"minecraft:leather":2,"minecraft:potato":4,"bakery:strawberry_seeds":1,"minecraft:tuff":3,"minecraft:oak_log":5,"minecraft:dirt":20,"minecraft:wheat_seeds":1,"minecraft:beef":7,"tombstone:bag_of_seeds":1,"minecraft:furnace":1,"minecraft:dark_oak_sapling":5,"minecraft:sweet_berries":38,"minecraft:spruce_log":1,"minecraft:dark_oak_log":4,"simplefarming:blackberries":2,"minecraft:rotten_flesh":1,"simplefarming:sweet_potato_seeds":1,"minecraft:beetroot_seeds":1,"simplefarming:strawberries":4,"minecraft:mutton":4,"minecraft:coal":19,"minecraft:snowball":25,"minecraft:white_wool":2,"minecraft:cobblestone":20},"minecraft:dropped":{"minecraft:cooked_beef":1,"minecraft:rotten_flesh":1,"minecraft:beetroot_seeds":1},"minecraft:killed":{"minecraft:spider":1,"minecraft:sheep":2,"minecraft:zombie":1,"minecraft:chicken":4,"minecraft:cow":3},"minecraft:crafted":{"minecraft:cooked_beef":4,"minecraft:oak_planks":20,"minecraft:crafting_table":1,"minecraft:wooden_pickaxe":1,"minecraft:furnace":1,"minecraft:air":0,"minecraft:stick":16,"minecraft:stone_pickaxe":1,"minecraft:wooden_axe":1,"minecraft:stone_sword":2},"minecraft:used":{"minecraft:stone_sword":41,"minecraft:stone_pickaxe":24,"minecraft:wooden_pickaxe":16,"simplefarming:strawberries":4,"minecraft:crafting_table":2,"minecraft:snowball":9,"minecraft:wooden_axe":5,"minecraft:golden_helmet":1,"minecraft:sweet_berries":48,"minecraft:furnace":1,"tombstone:gift":2,"minecraft:cooked_beef":3},"minecraft:killed_by":{"iceandfire:ice_dragon":1,"minecraft:creeper":1},"minecraft:custom":{"minecraft:interact_with_furnace":3,"minecraft:mob_kills":11,"minecraft:interact_with_crafting_table":6,"minecraft:time_since_death":2971,"minecraft:sleep_in_bed":2,"minecraft:climb_one_cm":168,"minecraft:time_since_rest":1476,"minecraft:sprint_one_cm":273974,"minecraft:damage_taken":891,"minecraft:walk_one_cm":208659,"minecraft:drop":3,"minecraft:damage_dealt":1109,"minecraft:swim_one_cm":12315,"minecraft:fly_one_cm":250140,"minecraft:open_chest":2,"minecraft:crouch_one_cm":84,"minecraft:play_time":28596,"tombstone:undead_killed":1,"minecraft:deaths":2,"minecraft:sneak_time":5,"minecraft:walk_under_water_one_cm":422,"minecraft:jump":783,"minecraft:walk_on_water_one_cm":4932,"minecraft:total_world_time":28596,"minecraft:fall_one_cm":10126}},"DataVersion":3465}