{"stats":{"minecraft:killed":{"minecraft:pig":16,"minecraft:spider":1,"minecraft:creeper":1,"minecraft:horse":3,"minecraft:sheep":14,"minecraft:skeleton":2,"minecraft:zombie":5,"minecraft:chicken":3,"minecraft:cow":7},"minecraft:mined":{"minecraft:dark_oak_planks":2,"minecraft:dark_oak_leaves":32,"minecraft:dark_oak_log":90,"travelersbackpack:standard":1,"minecraft:brewing_stand":2,"minecraft:crafting_table":2,"minecraft:torch":7,"minecraft:grass_block":7,"minecraft:chest":1,"minecraft:redstone_wire":1,"minecraft:campfire":1,"minecraft:brown_mushroom_block":2,"minecraft:cobblestone":2,"minecraft:spruce_leaves":1,"minecraft:sugar_cane":7,"minecraft:blue_bed":1,"minecraft:wall_torch":6,"minecraft:seagrass":1,"minecraft:furnace":1,"minecraft:birch_log":10,"minecraft:iron_ore":3,"minecraft:birch_leaves":2,"minecraft:pumpkin":1,"minecraft:grass":5,"minecraft:bookshelf":2,"minecraft:coal_ore":6,"minecraft:sand":15,"minecraft:dirt":100,"minecraft:cobweb":33,"minecraft:stone_bricks":8,"minecraft:stone":25,"minecraft:oak_leaves":2},"minecraft:used":{"minecraft:stone_sword":163,"minecraft:stone_pickaxe":3,"minecraft:glass_bottle":46,"minecraft:stone_shovel":85,"minecraft:wooden_pickaxe":46,"minecraft:blue_bed":1,"minecraft:iron_chestplate":1,"minecraft:torch":14,"minecraft:brewing_stand":1,"minecraft:dirt":17,"minecraft:crafting_table":4,"minecraft:wooden_axe":146,"minecraft:dark_oak_planks":2,"minecraft:bread":3,"minecraft:iron_helmet":1,"minecraft:stone_bricks":6,"minecraft:cobblestone":3,"minecraft:potion":43,"travelersbackpack:standard":3,"minecraft:furnace":2,"minecraft:cooked_porkchop":12,"minecraft:air":1},"minecraft:custom":{"minecraft:interact_with_furnace":24,"minecraft:mob_kills":53,"minecraft:interact_with_crafting_table":18,"minecraft:interact_with_cartography_table":1,"minecraft:open_barrel":2,"minecraft:bell_ring":3,"minecraft:eat_cake_slice":1,"minecraft:interact_with_stonecutter":1,"minecraft:leave_game":9,"minecraft:time_since_death":18694,"minecraft:sleep_in_bed":2,"minecraft:climb_one_cm":12648,"minecraft:time_since_rest":18428,"minecraft:sprint_one_cm":568082,"minecraft:damage_taken":2737,"minecraft:walk_one_cm":1216409,"minecraft:drop":25,"minecraft:damage_dealt":6313,"minecraft:swim_one_cm":49069,"minecraft:talked_to_villager":1,"minecraft:fly_one_cm":178157,"minecraft:open_chest":14,"minecraft:crouch_one_cm":4318,"minecraft:play_time":123729,"tombstone:undead_killed":7,"minecraft:deaths":8,"minecraft:sneak_time":431,"minecraft:walk_under_water_one_cm":16685,"minecraft:interact_with_brewingstand":2,"minecraft:jump":1354,"minecraft:walk_on_water_one_cm":29715,"minecraft:total_world_time":123729,"minecraft:fall_one_cm":19674},"minecraft:broken":{"minecraft:stone_sword":1,"minecraft:wooden_axe":2},"minecraft:dropped":{"simplefarming:blueberries":4,"minecraft:brown_mushroom":2,"minecraft:wheat_seeds":1,"minecraft:stone_sword":1,"tombstone:gift":3,"minecraft:rotten_flesh":5,"minecraft:saddle":1,"farmersdelight:rice":10,"minecraft:item_frame":1,"minecraft:dark_oak_log":2,"tombstone:grave_key":1,"tombstone:grave_dust":2,"minecraft:spider_eye":2,"minecraft:arrow":2,"minecraft:beef":6,"minecraft:string":23,"minecraft:bone":1},"minecraft:crafted":{"minecraft:glass_bottle":3,"minecraft:stone_shovel":1,"minecraft:cooked_porkchop":12,"minecraft:crafting_table":2,"travelersbackpack:standard":1,"travelersbackpack:backpack_tank":2,"minecraft:wooden_pickaxe":1,"minecraft:furnace":1,"minecraft:air":0,"minecraft:glass":15,"travelersbackpack:white_sleeping_bag":1,"minecraft:charcoal":13,"minecraft:stick":16,"minecraft:stone_pickaxe":1,"minecraft:wooden_axe":3,"minecraft:stone_sword":2,"minecraft:dark_oak_planks":108,"minecraft:torch":8},"minecraft:picked_up":{"minecraft:birch_log":10,"minecraft:charcoal":2,"minecraft:crafting_table":2,"minecraft:feather":5,"minecraft:repeater":1,"farmersdelight:rice":5,"minecraft:chicken":3,"minecraft:leather":7,"minecraft:brown_mushroom":2,"tombstone:grave_key":1,"minecraft:brewing_stand":2,"minecraft:string":23,"minecraft:blue_bed":1,"minecraft:dirt":106,"tombstone:gift":3,"minecraft:iron_leggings":1,"minecraft:item_frame":1,"minecraft:bone":1,"minecraft:stone_bricks":7,"minecraft:bow":2,"minecraft:wheat_seeds":3,"minecraft:iron_ingot":10,"minecraft:beef":15,"minecraft:white_tulip":2,"minecraft:sugar_cane":20,"minecraft:chest":1,"minecraft:egg":1,"minecraft:furnace":1,"minecraft:dark_oak_sapling":4,"minecraft:raw_iron":3,"minecraft:pumpkin":1,"minecraft:torch":11,"minecraft:spruce_fence":1,"simplefarming:blueberries":8,"minecraft:porkchop":26,"minecraft:sand":15,"tombstone:grave_dust":4,"minecraft:dark_oak_log":90,"minecraft:spider_eye":2,"minecraft:dark_oak_planks":2,"travelersbackpack:standard":1,"minecraft:stone_sword":1,"minecraft:arrow":2,"minecraft:rotten_flesh":7,"minecraft:diamond":2,"minecraft:emerald":2,"minecraft:saddle":1,"minecraft:gold_ingot":6,"minecraft:black_wool":1,"minecraft:mutton":20,"minecraft:coal":8,"minecraft:white_wool":13,"minecraft:cobblestone":29},"minecraft:killed_by":{"minecraft:skeleton":4}},"DataVersion":3465}