{"stats":{"minecraft:mined":{"minecraft:coarse_dirt":2,"minecraft:furnace":1,"minecraft:sweet_berry_bush":4,"minecraft:dark_oak_log":4,"minecraft:crafting_table":1,"minecraft:coal_ore":14,"minecraft:oak_log":5,"minecraft:dirt":1,"minecraft:stone":19,"minecraft:oak_leaves":2,"farmersdelight:wild_potatoes":4,"minecraft:fern":3},"minecraft:picked_up":{"minecraft:dark_oak_sapling":5,"minecraft:coarse_dirt":2,"minecraft:crafting_table":1,"minecraft:feather":6,"minecraft:chicken":4,"minecraft:sweet_berries":38,"minecraft:leather":2,"minecraft:potato":4,"minecraft:tuff":3,"minecraft:oak_log":5,"minecraft:spruce_log":1,"simplefarming:blackberries":2,"minecraft:dark_oak_log":4,"minecraft:dirt":20,"minecraft:rotten_flesh":1,"simplefarming:sweet_potato_seeds":1,"minecraft:wheat_seeds":1,"simplefarming:strawberries":4,"minecraft:beef":7,"tombstone:bag_of_seeds":1,"minecraft:snowball":25,"minecraft:coal":14,"minecraft:cobblestone":19,"minecraft:furnace":1},"minecraft:killed":{"minecraft:zombie":1,"minecraft:chicken":4,"minecraft:cow":3},"minecraft:crafted":{"minecraft:cooked_beef":4,"minecraft:oak_planks":20,"minecraft:crafting_table":1,"minecraft:stick":16,"minecraft:wooden_pickaxe":1,"minecraft:stone_pickaxe":1,"minecraft:wooden_axe":1,"minecraft:stone_sword":2,"minecraft:furnace":1,"minecraft:air":0},"minecraft:used":{"minecraft:wooden_axe":5,"minecraft:stone_sword":25,"minecraft:stone_pickaxe":18,"minecraft:wooden_pickaxe":16,"simplefarming:strawberries":4,"minecraft:sweet_berries":23,"minecraft:crafting_table":2,"minecraft:furnace":1},"minecraft:killed_by":{"minecraft:creeper":1},"minecraft:custom":{"minecraft:time_since_rest":1913,"minecraft:interact_with_furnace":3,"minecraft:sprint_one_cm":164573,"minecraft:damage_taken":515,"minecraft:walk_one_cm":103689,"minecraft:mob_kills":8,"minecraft:damage_dealt":649,"minecraft:interact_with_crafting_table":6,"minecraft:fly_one_cm":151830,"minecraft:deaths":1,"minecraft:crouch_one_cm":84,"minecraft:play_time":16596,"tombstone:undead_killed":1,"minecraft:sneak_time":5,"minecraft:jump":533,"minecraft:walk_on_water_one_cm":1538,"minecraft:time_since_death":3939,"minecraft:total_world_time":16596,"minecraft:climb_one_cm":168,"minecraft:fall_one_cm":5252}},"DataVersion":3465}