{"stats":{"minecraft:mined":{"minecraft:dark_oak_log":5,"minecraft:crafting_table":1,"bakery:wild_strawberries":1,"minecraft:white_stained_glass":1,"minecraft:spruce_leaves":1,"farmersdelight:wild_beetroots":1,"minecraft:coarse_dirt":2,"minecraft:furnace":3,"minecraft:iron_ore":11,"minecraft:sweet_berry_bush":5,"minecraft:grass":3,"minecraft:oak_log":5,"minecraft:coal_ore":20,"minecraft:iron_bars":2,"minecraft:dirt":1,"minecraft:cobweb":2,"minecraft:stone":20,"minecraft:gold_ore":9,"minecraft:fern":3,"minecraft:oak_leaves":2,"farmersdelight:wild_potatoes":4},"minecraft:picked_up":{"minecraft:crafting_table":1,"minecraft:coarse_dirt":2,"minecraft:feather":7,"minecraft:cooked_beef":1,"minecraft:chicken":5,"minecraft:leather":7,"minecraft:potato":4,"bakery:strawberry_seeds":1,"minecraft:tuff":3,"minecraft:oak_log":5,"minecraft:string":2,"minecraft:dirt":20,"minecraft:lantern":1,"minecraft:iron_axe":1,"minecraft:cooked_mutton":2,"minecraft:apple":1,"minecraft:wheat_seeds":1,"minecraft:raw_gold":9,"minecraft:beef":14,"tombstone:bag_of_seeds":1,"minecraft:iron_pickaxe":1,"minecraft:egg":1,"minecraft:furnace":3,"minecraft:dark_oak_sapling":5,"minecraft:raw_iron":11,"iceandfire:dragonbone":24,"minecraft:sweet_berries":38,"minecraft:spruce_log":1,"minecraft:dark_oak_log":6,"simplefarming:blackberries":2,"iceandfire:dragon_skull_ice":1,"minecraft:rotten_flesh":1,"simplefarming:sweet_potato_seeds":1,"minecraft:beetroot_seeds":1,"simplefarming:strawberries":4,"minecraft:gold_ingot":4,"minecraft:emerald":4,"minecraft:bread":4,"minecraft:iron_bars":2,"minecraft:mutton":4,"minecraft:coal":20,"minecraft:snowball":25,"minecraft:white_wool":3,"minecraft:cobblestone":20},"minecraft:dropped":{"minecraft:wheat_seeds":1,"minecraft:cooked_beef":1,"minecraft:dark_oak_sapling":5,"minecraft:cobblestone":5,"minecraft:rotten_flesh":1,"minecraft:lantern":1,"minecraft:dark_oak_log":1,"minecraft:wooden_axe":1,"minecraft:beetroot_seeds":1,"minecraft:snowball":16,"minecraft:spruce_log":1,"minecraft:iron_bars":2,"minecraft:wooden_pickaxe":1,"minecraft:string":2,"minecraft:egg":1},"minecraft:killed":{"minecraft:spider":1,"minecraft:sheep":3,"minecraft:zombie":5,"minecraft:chicken":5,"minecraft:cow":7},"minecraft:crafted":{"minecraft:cooked_beef":14,"minecraft:oak_planks":20,"minecraft:crafting_table":1,"minecraft:baked_potato":4,"minecraft:wooden_pickaxe":1,"minecraft:cooked_chicken":5,"minecraft:furnace":1,"minecraft:cooked_mutton":3,"minecraft:air":0,"minecraft:stick":16,"minecraft:stone_pickaxe":1,"minecraft:wooden_axe":1,"minecraft:stone_sword":2},"minecraft:used":{"minecraft:cooked_mutton":3,"minecraft:stone_sword":55,"minecraft:stone_pickaxe":40,"minecraft:baked_potato":2,"farmersdelight:golden_knife":12,"minecraft:wooden_pickaxe":16,"minecraft:cooked_chicken":4,"simplefarming:strawberries":4,"minecraft:crafting_table":2,"minecraft:golden_chestplate":1,"minecraft:tuff":3,"minecraft:snowball":9,"tombstone:bag_of_seeds":2,"minecraft:wooden_axe":5,"minecraft:dark_oak_log":2,"minecraft:bread":6,"minecraft:iron_pickaxe":9,"minecraft:iron_helmet":1,"minecraft:golden_helmet":2,"minecraft:sweet_berries":48,"minecraft:furnace":3,"tombstone:gift":2,"minecraft:cooked_beef":6},"minecraft:killed_by":{"iceandfire:ice_dragon":2,"minecraft:creeper":1},"minecraft:custom":{"minecraft:interact_with_furnace":18,"minecraft:mob_kills":21,"minecraft:interact_with_crafting_table":6,"minecraft:eat_cake_slice":4,"minecraft:time_since_death":10105,"minecraft:sleep_in_bed":3,"minecraft:climb_one_cm":168,"minecraft:time_since_rest":7982,"minecraft:sprint_one_cm":786195,"minecraft:damage_taken":1672,"minecraft:walk_one_cm":635324,"minecraft:drop":16,"minecraft:damage_dealt":2433,"minecraft:swim_one_cm":31092,"minecraft:fly_one_cm":489977,"minecraft:open_chest":33,"minecraft:crouch_one_cm":2090,"minecraft:play_time":76596,"tombstone:undead_killed":5,"minecraft:deaths":3,"minecraft:sneak_time":204,"minecraft:walk_under_water_one_cm":1033,"minecraft:jump":1645,"minecraft:walk_on_water_one_cm":7561,"minecraft:total_world_time":76596,"minecraft:fall_one_cm":23995}},"DataVersion":3465}