{"stats":{"minecraft:mined":{"minecraft:dark_oak_planks":1,"minecraft:dark_oak_leaves":22,"minecraft:brown_mushroom_block":2,"minecraft:dark_oak_log":12},"minecraft:used":{"minecraft:wooden_axe":1,"minecraft:dark_oak_planks":2,"minecraft:crafting_table":1},"minecraft:custom":{"minecraft:time_since_rest":6573,"minecraft:sprint_one_cm":1864,"minecraft:play_time":6573,"minecraft:walk_one_cm":30019,"minecraft:jump":42,"minecraft:leave_game":4,"minecraft:time_since_death":6573,"minecraft:total_world_time":6573,"minecraft:interact_with_crafting_table":2,"minecraft:fall_one_cm":954,"minecraft:fly_one_cm":1901},"minecraft:crafted":{"minecraft:dark_oak_planks":48,"minecraft:crafting_table":1,"minecraft:stick":4,"minecraft:wooden_axe":1},"minecraft:picked_up":{"minecraft:dark_oak_planks":1,"minecraft:dark_oak_sapling":1,"minecraft:brown_mushroom":2,"minecraft:dark_oak_log":12}},"DataVersion":3465}