{"stats":{"minecraft:killed":{"minecraft:pig":11,"minecraft:spider":3,"minecraft:sheep":6,"minecraft:zombie":9,"minecraft:chicken":8,"minecraft:cow":7},"minecraft:broken":{"farmersdelight:golden_knife":1},"minecraft:custom":{"minecraft:interact_with_furnace":18,"minecraft:mob_kills":47,"minecraft:interact_with_crafting_table":9,"minecraft:eat_cake_slice":4,"minecraft:leave_game":1,"minecraft:time_since_death":5063,"minecraft:sleep_in_bed":6,"minecraft:climb_one_cm":878,"minecraft:time_since_rest":4608,"minecraft:sprint_one_cm":1635875,"minecraft:damage_taken":2399,"minecraft:walk_one_cm":1274178,"minecraft:drop":20,"minecraft:damage_dealt":5374,"minecraft:swim_one_cm":50115,"minecraft:fly_one_cm":960655,"minecraft:open_chest":43,"minecraft:crouch_one_cm":2984,"minecraft:play_time":144738,"tombstone:undead_killed":9,"minecraft:deaths":4,"minecraft:sneak_time":321,"minecraft:walk_under_water_one_cm":3623,"minecraft:boat_one_cm":39794,"minecraft:jump":3876,"minecraft:walk_on_water_one_cm":16074,"minecraft:fall_one_cm":64529,"minecraft:total_world_time":144738},"minecraft:picked_up":{"minecraft:crafting_table":2,"minecraft:coarse_dirt":2,"minecraft:feather":8,"minecraft:cooked_beef":1,"minecraft:chicken":10,"minecraft:leather":7,"minecraft:potato":4,"bakery:strawberry_seeds":1,"minecraft:tuff":3,"minecraft:oak_log":12,"minecraft:blue_bed":1,"minecraft:dirt":29,"minecraft:string":3,"minecraft:lantern":1,"minecraft:iron_axe":1,"minecraft:cooked_mutton":2,"minecraft:apple":1,"minecraft:wheat_seeds":1,"minecraft:raw_gold":9,"minecraft:beef":14,"tombstone:bag_of_seeds":1,"minecraft:iron_pickaxe":1,"minecraft:egg":1,"minecraft:furnace":3,"minecraft:dark_oak_sapling":5,"minecraft:raw_iron":11,"iceandfire:dragonbone":24,"minecraft:sweet_berries":38,"minecraft:acacia_log":2,"epicfight:skillbook":1,"minecraft:porkchop":26,"minecraft:spruce_log":3,"minecraft:dark_oak_log":6,"simplefarming:blackberries":2,"iceandfire:dragon_skull_ice":1,"minecraft:rotten_flesh":5,"simplefarming:sweet_potato_seeds":1,"minecraft:beetroot_seeds":1,"simplefarming:strawberries":4,"minecraft:bread":4,"minecraft:emerald":4,"minecraft:gold_ingot":4,"minecraft:mutton":8,"minecraft:iron_bars":2,"minecraft:coal":20,"minecraft:snowball":25,"minecraft:white_wool":6,"minecraft:cobblestone":20},"minecraft:dropped":{"minecraft:wheat_seeds":1,"minecraft:iron_nugget":10,"minecraft:cooked_beef":1,"minecraft:dark_oak_sapling":5,"minecraft:feather":1,"minecraft:cobblestone":5,"minecraft:rotten_flesh":5,"minecraft:lantern":1,"minecraft:dark_oak_log":1,"minecraft:wooden_axe":1,"minecraft:beetroot_seeds":1,"minecraft:snowball":16,"minecraft:spruce_log":1,"minecraft:iron_bars":2,"minecraft:wooden_pickaxe":1,"minecraft:string":3,"minecraft:egg":1},"minecraft:killed_by":{"iceandfire:ice_dragon":2,"minecraft:creeper":2},"minecraft:used":{"minecraft:cooked_mutton":3,"minecraft:acacia_boat":1,"minecraft:stone_sword":111,"minecraft:flint_and_steel":1,"minecraft:stone_pickaxe":40,"minecraft:baked_potato":2,"farmersdelight:golden_knife":33,"minecraft:wooden_pickaxe":16,"minecraft:cooked_chicken":4,"simplefarming:strawberries":4,"minecraft:dirt":3,"minecraft:crafting_table":4,"minecraft:golden_chestplate":1,"minecraft:tuff":3,"minecraft:snowball":9,"minecraft:spruce_log":1,"tombstone:bag_of_seeds":2,"minecraft:wooden_axe":5,"minecraft:dark_oak_log":2,"minecraft:iron_axe":7,"minecraft:bread":37,"minecraft:iron_pickaxe":9,"minecraft:iron_helmet":1,"minecraft:golden_helmet":2,"minecraft:sweet_berries":48,"minecraft:furnace":3,"tombstone:gift":2,"minecraft:cooked_beef":7},"minecraft:crafted":{"minecraft:cooked_beef":14,"minecraft:oak_planks":48,"minecraft:crafting_table":2,"minecraft:spruce_planks":4,"minecraft:cooked_chicken":5,"minecraft:wooden_pickaxe":1,"minecraft:baked_potato":4,"minecraft:furnace":1,"minecraft:acacia_boat":1,"minecraft:cooked_mutton":3,"minecraft:air":0,"minecraft:stick":16,"minecraft:stone_pickaxe":1,"minecraft:wooden_axe":1,"minecraft:stone_sword":2,"minecraft:acacia_planks":8},"minecraft:mined":{"minecraft:dark_oak_log":5,"minecraft:crafting_table":2,"minecraft:grass_block":6,"minecraft:acacia_log":2,"bakery:wild_strawberries":1,"minecraft:white_stained_glass":1,"minecraft:spruce_leaves":1,"minecraft:blue_bed":1,"farmersdelight:wild_beetroots":1,"minecraft:coarse_dirt":2,"minecraft:furnace":3,"minecraft:iron_ore":11,"minecraft:sweet_berry_bush":5,"minecraft:spruce_log":2,"minecraft:grass":4,"minecraft:oak_log":12,"minecraft:coal_ore":20,"minecraft:iron_bars":2,"minecraft:dirt":4,"minecraft:cobweb":2,"minecraft:stone":20,"minecraft:fern":4,"minecraft:gold_ore":9,"farmersdelight:wild_potatoes":4,"minecraft:oak_leaves":2}},"DataVersion":3465}