{"stats":{"minecraft:killed":{"minecraft:spider":3,"minecraft:skeleton":2,"minecraft:horse":3,"minecraft:chicken":5,"minecraft:pig":16,"minecraft:creeper":1,"minecraft:sheep":14,"minecraft:zombie":7,"minecraft:cow":16},"minecraft:mined":{"minecraft:dark_oak_planks":2,"minecraft:dark_oak_leaves":32,"minecraft:dark_oak_log":90,"minecraft:brewing_stand":2,"minecraft:grass_block":7,"minecraft:redstone_wire":1,"minecraft:brown_mushroom_block":2,"minecraft:spruce_leaves":1,"minecraft:furnace":1,"minecraft:iron_ore":3,"minecraft:pumpkin":1,"minecraft:bookshelf":2,"minecraft:stone":25,"jeg:scrap_ore":1,"travelersbackpack:standard":2,"minecraft:crafting_table":2,"minecraft:cornflower":1,"minecraft:torch":7,"minecraft:chest":1,"minecraft:campfire":1,"minecraft:cobblestone":2,"minecraft:sugar_cane":7,"minecraft:blue_bed":1,"minecraft:wall_torch":6,"minecraft:seagrass":1,"minecraft:birch_log":10,"minecraft:birch_leaves":2,"minecraft:grass":9,"minecraft:coal_ore":6,"minecraft:sand":15,"minecraft:dirt":100,"minecraft:cobweb":33,"minecraft:stone_bricks":8,"minecraft:oak_leaves":2},"minecraft:custom":{"minecraft:mob_kills":68,"minecraft:interact_with_crafting_table":24,"minecraft:open_barrel":2,"minecraft:bell_ring":3,"minecraft:eat_cake_slice":1,"minecraft:leave_game":10,"minecraft:time_since_death":12966,"minecraft:climb_one_cm":12648,"minecraft:sprint_one_cm":838392,"minecraft:walk_one_cm":1571100,"minecraft:drop":31,"minecraft:talked_to_villager":1,"minecraft:play_time":159188,"minecraft:deaths":12,"minecraft:sneak_time":537,"minecraft:walk_under_water_one_cm":19365,"minecraft:jump":2072,"minecraft:interact_with_brewingstand":2,"minecraft:walk_on_water_one_cm":44515,"minecraft:total_world_time":159188,"minecraft:interact_with_furnace":24,"minecraft:interact_with_cartography_table":1,"minecraft:interact_with_stonecutter":1,"minecraft:sleep_in_bed":2,"minecraft:time_since_rest":10872,"minecraft:damage_taken":3739,"minecraft:damage_dealt":7965,"minecraft:swim_one_cm":164995,"minecraft:fly_one_cm":358247,"minecraft:open_chest":14,"minecraft:crouch_one_cm":4930,"tombstone:undead_killed":9,"minecraft:fall_one_cm":30058,"minecraft:inspect_dispenser":1},"minecraft:used":{"minecraft:stone_sword":206,"minecraft:stone_shovel":85,"minecraft:iron_chestplate":1,"minecraft:torch":14,"minecraft:brewing_stand":1,"minecraft:dirt":17,"toughasnails:empty_canteen":1,"minecraft:dark_oak_planks":2,"minecraft:wooden_axe":147,"minecraft:iron_helmet":1,"minecraft:stone_bricks":6,"minecraft:furnace":2,"minecraft:glass_bottle":56,"minecraft:stone_pickaxe":4,"minecraft:wooden_pickaxe":46,"minecraft:blue_bed":1,"toughasnails:water_canteen":61,"minecraft:crafting_table":7,"minecraft:campfire":1,"minecraft:bread":13,"minecraft:potion":54,"minecraft:cobblestone":3,"travelersbackpack:standard":3,"minecraft:cooked_porkchop":12,"minecraft:air":1},"minecraft:broken":{"minecraft:stone_sword":1,"minecraft:wooden_axe":2},"minecraft:dropped":{"minecraft:brown_mushroom":2,"minecraft:wheat_seeds":1,"minecraft:saddle":1,"farmersdelight:rice":10,"minecraft:item_frame":1,"minecraft:dark_oak_log":2,"tombstone:grave_key":1,"minecraft:repeater":2,"tombstone:grave_dust":2,"minecraft:string":23,"minecraft:bone":1,"simplefarming:blueberries":4,"alexsmobs:maggot":2,"minecraft:stone_sword":1,"tombstone:gift":3,"minecraft:rotten_flesh":10,"minecraft:spider_eye":2,"minecraft:arrow":2,"minecraft:beef":6},"minecraft:crafted":{"minecraft:oak_planks":4,"minecraft:stone_shovel":1,"minecraft:furnace":1,"minecraft:glass":15,"travelersbackpack:white_sleeping_bag":1,"minecraft:stone_pickaxe":1,"minecraft:dark_oak_planks":108,"minecraft:glass_bottle":3,"minecraft:cooked_porkchop":12,"minecraft:crafting_table":5,"travelersbackpack:backpack_tank":2,"minecraft:wooden_pickaxe":1,"travelersbackpack:standard":1,"minecraft:campfire":2,"minecraft:air":0,"minecraft:charcoal":13,"minecraft:stick":28,"minecraft:wooden_axe":3,"minecraft:stone_sword":2,"minecraft:torch":8,"toughasnails:empty_canteen":1},"minecraft:picked_up":{"minecraft:charcoal":2,"minecraft:crafting_table":2,"minecraft:chicken":5,"minecraft:brown_mushroom":2,"tombstone:grave_key":1,"minecraft:brewing_stand":2,"minecraft:string":25,"minecraft:iron_leggings":1,"minecraft:item_frame":1,"minecraft:beef":32,"minecraft:white_tulip":2,"minecraft:sugar_cane":20,"minecraft:chest":1,"minecraft:egg":1,"minecraft:furnace":1,"minecraft:dark_oak_sapling":4,"minecraft:raw_iron":3,"minecraft:torch":11,"minecraft:spruce_fence":1,"minecraft:porkchop":29,"tombstone:grave_dust":5,"minecraft:dark_oak_planks":2,"minecraft:stone_sword":1,"minecraft:arrow":2,"minecraft:rotten_flesh":10,"minecraft:saddle":1,"minecraft:gold_ingot":6,"minecraft:mutton":20,"minecraft:white_wool":13,"minecraft:cobblestone":29,"minecraft:birch_log":10,"minecraft:feather":8,"minecraft:repeater":2,"farmersdelight:rice":5,"minecraft:leather":17,"jeg:scrap":2,"minecraft:blue_bed":1,"minecraft:dirt":106,"tombstone:gift":3,"minecraft:bone":1,"minecraft:stone_bricks":7,"minecraft:bow":2,"minecraft:wheat_seeds":3,"minecraft:iron_ingot":10,"minecraft:pumpkin":1,"simplefarming:blueberries":8,"minecraft:sand":15,"minecraft:dark_oak_log":90,"minecraft:spider_eye":2,"travelersbackpack:standard":2,"minecraft:diamond":2,"minecraft:emerald":2,"alexsmobs:maggot":2,"minecraft:black_wool":1,"minecraft:coal":8},"minecraft:killed_by":{"iceandfire:ice_dragon":2,"minecraft:skeleton":4,"minecraft:zombie":1}},"DataVersion":3465}