{"stats":{"minecraft:killed":{"minecraft:pig":16,"minecraft:spider":1,"minecraft:sheep":13,"minecraft:skeleton":1,"minecraft:zombie":4,"minecraft:chicken":3,"minecraft:cow":3},"minecraft:mined":{"minecraft:dark_oak_planks":2,"minecraft:dark_oak_leaves":32,"minecraft:dark_oak_log":90,"minecraft:crafting_table":2,"minecraft:torch":7,"minecraft:grass_block":7,"minecraft:chest":1,"minecraft:brown_mushroom_block":2,"minecraft:spruce_leaves":1,"minecraft:sugar_cane":7,"minecraft:blue_bed":1,"minecraft:wall_torch":6,"minecraft:seagrass":1,"minecraft:furnace":1,"minecraft:birch_log":10,"minecraft:birch_leaves":2,"minecraft:pumpkin":1,"minecraft:grass":4,"minecraft:coal_ore":6,"minecraft:sand":15,"minecraft:dirt":100,"minecraft:stone":25,"minecraft:oak_leaves":2},"minecraft:used":{"minecraft:stone_sword":88,"minecraft:glass_bottle":34,"minecraft:stone_shovel":85,"minecraft:wooden_pickaxe":34,"minecraft:blue_bed":1,"minecraft:torch":14,"minecraft:dirt":17,"minecraft:crafting_table":4,"minecraft:wooden_axe":142,"minecraft:dark_oak_planks":2,"minecraft:potion":33,"minecraft:furnace":2,"minecraft:cooked_porkchop":10,"minecraft:air":1},"minecraft:custom":{"minecraft:interact_with_furnace":18,"minecraft:mob_kills":42,"minecraft:interact_with_crafting_table":17,"minecraft:interact_with_cartography_table":1,"minecraft:leave_game":9,"minecraft:time_since_death":3302,"minecraft:climb_one_cm":1378,"minecraft:time_since_rest":2894,"minecraft:sprint_one_cm":379392,"minecraft:damage_taken":2380,"minecraft:walk_one_cm":802348,"minecraft:drop":10,"minecraft:damage_dealt":4624,"minecraft:swim_one_cm":49069,"minecraft:talked_to_villager":1,"minecraft:fly_one_cm":93082,"minecraft:open_chest":9,"minecraft:crouch_one_cm":3206,"minecraft:play_time":87729,"tombstone:undead_killed":5,"minecraft:deaths":7,"minecraft:sneak_time":347,"minecraft:walk_under_water_one_cm":16289,"minecraft:jump":838,"minecraft:walk_on_water_one_cm":28164,"minecraft:total_world_time":87729,"minecraft:fall_one_cm":8432},"minecraft:broken":{"minecraft:wooden_axe":2},"minecraft:dropped":{"minecraft:brown_mushroom":2,"minecraft:wheat_seeds":1,"minecraft:stone_sword":1,"minecraft:rotten_flesh":3,"minecraft:dark_oak_log":2,"tombstone:grave_key":1,"minecraft:spider_eye":2,"minecraft:beef":6},"minecraft:crafted":{"minecraft:glass_bottle":3,"minecraft:stone_shovel":1,"minecraft:cooked_porkchop":12,"minecraft:crafting_table":2,"travelersbackpack:backpack_tank":2,"minecraft:wooden_pickaxe":1,"minecraft:furnace":1,"minecraft:air":0,"minecraft:glass":15,"travelersbackpack:white_sleeping_bag":1,"minecraft:charcoal":13,"minecraft:stick":16,"minecraft:stone_pickaxe":1,"minecraft:wooden_axe":3,"minecraft:stone_sword":2,"minecraft:dark_oak_planks":108,"minecraft:torch":8},"minecraft:picked_up":{"minecraft:birch_log":10,"minecraft:crafting_table":2,"minecraft:feather":5,"minecraft:chicken":3,"minecraft:leather":2,"minecraft:brown_mushroom":2,"tombstone:grave_key":1,"minecraft:blue_bed":1,"minecraft:dirt":106,"minecraft:iron_leggings":1,"minecraft:wheat_seeds":1,"minecraft:iron_ingot":2,"minecraft:beef":6,"minecraft:sugar_cane":20,"minecraft:chest":1,"minecraft:egg":1,"minecraft:furnace":1,"minecraft:dark_oak_sapling":4,"minecraft:pumpkin":1,"minecraft:torch":11,"simplefarming:blueberries":4,"minecraft:porkchop":26,"minecraft:sand":15,"tombstone:grave_dust":2,"minecraft:dark_oak_log":90,"minecraft:spider_eye":2,"minecraft:dark_oak_planks":2,"minecraft:stone_sword":1,"minecraft:arrow":2,"minecraft:rotten_flesh":3,"minecraft:saddle":1,"minecraft:gold_ingot":1,"minecraft:black_wool":1,"minecraft:mutton":19,"minecraft:coal":6,"minecraft:white_wool":12,"minecraft:cobblestone":27},"minecraft:killed_by":{"minecraft:skeleton":3}},"DataVersion":3465}