{"stats":{"minecraft:mined":{"minecraft:dark_oak_log":4,"minecraft:crafting_table":1,"bakery:wild_strawberries":1,"minecraft:spruce_leaves":1,"farmersdelight:wild_beetroots":1,"minecraft:coarse_dirt":2,"minecraft:furnace":3,"minecraft:sweet_berry_bush":5,"minecraft:grass":2,"minecraft:oak_log":5,"minecraft:coal_ore":19,"minecraft:dirt":1,"minecraft:stone":20,"minecraft:fern":3,"minecraft:oak_leaves":2,"farmersdelight:wild_potatoes":4},"minecraft:picked_up":{"minecraft:crafting_table":1,"minecraft:coarse_dirt":2,"minecraft:feather":7,"minecraft:chicken":5,"minecraft:leather":2,"minecraft:potato":4,"bakery:strawberry_seeds":1,"minecraft:tuff":3,"minecraft:oak_log":5,"minecraft:dirt":20,"minecraft:wheat_seeds":1,"minecraft:beef":7,"tombstone:bag_of_seeds":1,"minecraft:egg":1,"minecraft:furnace":3,"minecraft:dark_oak_sapling":5,"minecraft:sweet_berries":38,"minecraft:spruce_log":1,"minecraft:dark_oak_log":4,"simplefarming:blackberries":2,"minecraft:rotten_flesh":1,"simplefarming:sweet_potato_seeds":1,"minecraft:beetroot_seeds":1,"simplefarming:strawberries":4,"minecraft:bread":1,"minecraft:mutton":4,"minecraft:coal":19,"minecraft:snowball":25,"minecraft:white_wool":2,"minecraft:cobblestone":20},"minecraft:dropped":{"minecraft:cooked_beef":1,"minecraft:rotten_flesh":1,"minecraft:beetroot_seeds":1},"minecraft:killed":{"minecraft:spider":1,"minecraft:sheep":2,"minecraft:zombie":2,"minecraft:chicken":5,"minecraft:cow":3},"minecraft:crafted":{"minecraft:cooked_beef":7,"minecraft:oak_planks":20,"minecraft:crafting_table":1,"minecraft:baked_potato":4,"minecraft:wooden_pickaxe":1,"minecraft:cooked_chicken":4,"minecraft:furnace":1,"minecraft:cooked_mutton":3,"minecraft:air":0,"minecraft:stick":16,"minecraft:stone_pickaxe":1,"minecraft:wooden_axe":1,"minecraft:stone_sword":2},"minecraft:used":{"minecraft:cooked_mutton":1,"minecraft:stone_sword":42,"minecraft:stone_pickaxe":26,"minecraft:baked_potato":2,"farmersdelight:golden_knife":3,"minecraft:wooden_pickaxe":16,"minecraft:cooked_chicken":4,"simplefarming:strawberries":4,"minecraft:crafting_table":2,"minecraft:tuff":3,"minecraft:snowball":9,"tombstone:bag_of_seeds":2,"minecraft:wooden_axe":5,"minecraft:golden_helmet":1,"minecraft:sweet_berries":48,"minecraft:furnace":3,"tombstone:gift":2,"minecraft:cooked_beef":5},"minecraft:killed_by":{"iceandfire:ice_dragon":1,"minecraft:creeper":1},"minecraft:custom":{"minecraft:interact_with_furnace":16,"minecraft:mob_kills":13,"minecraft:interact_with_crafting_table":6,"minecraft:time_since_death":14971,"minecraft:sleep_in_bed":2,"minecraft:climb_one_cm":168,"minecraft:time_since_rest":13476,"minecraft:sprint_one_cm":444270,"minecraft:damage_taken":1269,"minecraft:walk_one_cm":260586,"minecraft:drop":3,"minecraft:damage_dealt":1350,"minecraft:swim_one_cm":31092,"minecraft:fly_one_cm":336926,"minecraft:open_chest":3,"minecraft:crouch_one_cm":84,"minecraft:play_time":40596,"tombstone:undead_killed":2,"minecraft:deaths":2,"minecraft:sneak_time":7,"minecraft:walk_under_water_one_cm":1033,"minecraft:jump":1036,"minecraft:walk_on_water_one_cm":7373,"minecraft:total_world_time":40596,"minecraft:fall_one_cm":16946}},"DataVersion":3465}