{"stats":{"minecraft:killed":{"minecraft:pig":4,"minecraft:spider":2,"minecraft:sheep":6,"minecraft:zombie":7,"minecraft:chicken":5,"minecraft:cow":7},"minecraft:broken":{"farmersdelight:golden_knife":1},"minecraft:custom":{"minecraft:interact_with_furnace":18,"minecraft:mob_kills":31,"minecraft:interact_with_crafting_table":8,"minecraft:eat_cake_slice":4,"minecraft:leave_game":1,"minecraft:time_since_death":36247,"minecraft:sleep_in_bed":5,"minecraft:climb_one_cm":168,"minecraft:time_since_rest":1927,"minecraft:sprint_one_cm":1087645,"minecraft:damage_taken":1699,"minecraft:walk_one_cm":920892,"minecraft:drop":18,"minecraft:damage_dealt":3715,"minecraft:swim_one_cm":37334,"minecraft:fly_one_cm":613299,"minecraft:open_chest":39,"minecraft:crouch_one_cm":2567,"minecraft:play_time":102738,"tombstone:undead_killed":7,"minecraft:deaths":3,"minecraft:sneak_time":243,"minecraft:walk_under_water_one_cm":1053,"minecraft:jump":2333,"minecraft:walk_on_water_one_cm":11722,"minecraft:fall_one_cm":30357,"minecraft:total_world_time":102738},"minecraft:picked_up":{"minecraft:crafting_table":1,"minecraft:coarse_dirt":2,"minecraft:feather":7,"minecraft:cooked_beef":1,"minecraft:chicken":5,"minecraft:leather":7,"minecraft:potato":4,"bakery:strawberry_seeds":1,"minecraft:tuff":3,"minecraft:oak_log":5,"minecraft:dirt":20,"minecraft:string":3,"minecraft:lantern":1,"minecraft:iron_axe":1,"minecraft:cooked_mutton":2,"minecraft:apple":1,"minecraft:wheat_seeds":1,"minecraft:raw_gold":9,"minecraft:beef":14,"tombstone:bag_of_seeds":1,"minecraft:iron_pickaxe":1,"minecraft:egg":1,"minecraft:furnace":3,"minecraft:dark_oak_sapling":5,"minecraft:raw_iron":11,"iceandfire:dragonbone":24,"minecraft:sweet_berries":38,"epicfight:skillbook":1,"minecraft:porkchop":7,"minecraft:spruce_log":3,"minecraft:dark_oak_log":6,"simplefarming:blackberries":2,"iceandfire:dragon_skull_ice":1,"minecraft:rotten_flesh":5,"simplefarming:sweet_potato_seeds":1,"minecraft:beetroot_seeds":1,"simplefarming:strawberries":4,"minecraft:bread":4,"minecraft:emerald":4,"minecraft:gold_ingot":4,"minecraft:mutton":8,"minecraft:iron_bars":2,"minecraft:coal":20,"minecraft:snowball":25,"minecraft:white_wool":6,"minecraft:cobblestone":20},"minecraft:dropped":{"minecraft:wheat_seeds":1,"minecraft:cooked_beef":1,"minecraft:dark_oak_sapling":5,"minecraft:cobblestone":5,"minecraft:rotten_flesh":5,"minecraft:lantern":1,"minecraft:dark_oak_log":1,"minecraft:wooden_axe":1,"minecraft:beetroot_seeds":1,"minecraft:snowball":16,"minecraft:spruce_log":1,"minecraft:iron_bars":2,"minecraft:wooden_pickaxe":1,"minecraft:string":3,"minecraft:egg":1},"minecraft:killed_by":{"iceandfire:ice_dragon":2,"minecraft:creeper":1},"minecraft:used":{"minecraft:cooked_mutton":3,"minecraft:stone_sword":73,"minecraft:stone_pickaxe":40,"minecraft:baked_potato":2,"farmersdelight:golden_knife":32,"minecraft:wooden_pickaxe":16,"minecraft:cooked_chicken":4,"simplefarming:strawberries":4,"minecraft:crafting_table":3,"minecraft:golden_chestplate":1,"minecraft:tuff":3,"minecraft:snowball":9,"tombstone:bag_of_seeds":2,"minecraft:wooden_axe":5,"minecraft:dark_oak_log":2,"minecraft:bread":15,"minecraft:iron_pickaxe":9,"minecraft:iron_helmet":1,"minecraft:golden_helmet":2,"minecraft:sweet_berries":48,"minecraft:furnace":3,"tombstone:gift":2,"minecraft:cooked_beef":7},"minecraft:crafted":{"minecraft:cooked_beef":14,"minecraft:oak_planks":20,"minecraft:crafting_table":2,"minecraft:spruce_planks":4,"minecraft:cooked_chicken":5,"minecraft:wooden_pickaxe":1,"minecraft:baked_potato":4,"minecraft:furnace":1,"minecraft:cooked_mutton":3,"minecraft:air":0,"minecraft:stick":16,"minecraft:stone_pickaxe":1,"minecraft:wooden_axe":1,"minecraft:stone_sword":2},"minecraft:mined":{"minecraft:dark_oak_log":5,"minecraft:crafting_table":1,"bakery:wild_strawberries":1,"minecraft:white_stained_glass":1,"minecraft:spruce_leaves":1,"farmersdelight:wild_beetroots":1,"minecraft:coarse_dirt":2,"minecraft:furnace":3,"minecraft:iron_ore":11,"minecraft:sweet_berry_bush":5,"minecraft:spruce_log":2,"minecraft:grass":3,"minecraft:oak_log":5,"minecraft:coal_ore":20,"minecraft:iron_bars":2,"minecraft:dirt":1,"minecraft:cobweb":2,"minecraft:stone":20,"minecraft:fern":4,"minecraft:gold_ore":9,"farmersdelight:wild_potatoes":4,"minecraft:oak_leaves":2}},"DataVersion":3465}