{"stats":{"minecraft:mined":{"iceandfire:podium_dark_oak":1,"minecraft:crafting_table":2,"minecraft:chest":1,"iceandfire:lectern":2,"minecraft:stone_slab":1,"minecraft:blue_bed":1,"minecraft:large_fern":1,"minecraft:coarse_dirt":1,"minecraft:furnace":1,"minecraft:iron_ore":43,"minecraft:birch_log":6,"minecraft:spruce_log":2,"minecraft:birch_leaves":1,"minecraft:coal_ore":25,"minecraft:deepslate_iron_ore":4,"minecraft:dirt":4,"iceandfire:frost_lily":1,"minecraft:stone":50,"minecraft:fern":2},"minecraft:picked_up":{"minecraft:birch_log":6,"minecraft:coarse_dirt":1,"minecraft:crafting_table":2,"minecraft:feather":4,"minecraft:cooked_beef":4,"minecraft:leather":2,"minecraft:golden_leggings":1,"minecraft:stone_slab":1,"minecraft:blue_bed":1,"iceandfire:manuscript":7,"minecraft:dirt":4,"minecraft:bone":2,"iceandfire:bestiary":1,"iceandfire:frost_lily":1,"minecraft:beef":4,"tombstone:bag_of_seeds":1,"minecraft:chest":1,"minecraft:furnace":1,"minecraft:dark_oak_sapling":1,"minecraft:stick":2,"minecraft:raw_iron":47,"epicfight:skillbook":2,"minecraft:ink_sac":2,"minecraft:spruce_sapling":1,"tombstone:grave_dust":3,"minecraft:spruce_log":2,"iceandfire:podium_dark_oak":1,"minecraft:arrow":2,"minecraft:rotten_flesh":9,"iceandfire:lectern":2,"minecraft:gold_ingot":1,"minecraft:oak_sapling":3,"minecraft:mangrove_propagule":2,"minecraft:coal":25,"minecraft:cobblestone":50},"minecraft:dropped":{"minecraft:dark_oak_sapling":1,"farmersdelight:cabbage_seeds":1,"minecraft:mangrove_propagule":2,"minecraft:large_fern":1,"iceandfire:podium_dark_oak":1,"minecraft:bone":2,"iceandfire:manuscript":7,"minecraft:spruce_sapling":5},"minecraft:killed":{"minecraft:spider":2,"minecraft:squid":1,"minecraft:skeleton":2,"minecraft:zombie":9,"minecraft:chicken":1,"minecraft:cow":4},"minecraft:crafted":{"minecraft:crafting_table":1,"minecraft:spruce_planks":24,"minecraft:wooden_pickaxe":1,"minecraft:iron_helmet":1,"minecraft:iron_sword":1,"minecraft:furnace":1,"minecraft:birch_planks":24,"minecraft:iron_boots":1,"minecraft:iron_chestplate":1,"minecraft:shield":1,"minecraft:stick":8,"minecraft:iron_ingot":24,"minecraft:iron_pickaxe":1,"minecraft:stone_pickaxe":1,"minecraft:stone_sword":1},"minecraft:used":{"iceandfire:lectern":1,"epicfight:skillbook":2,"minecraft:stone_sword":111,"minecraft:stone_pickaxe":81,"minecraft:shield":3,"minecraft:wooden_pickaxe":6,"minecraft:iron_sword":17,"minecraft:crafting_table":1,"minecraft:bread":4,"minecraft:iron_pickaxe":41,"minecraft:cobblestone":8,"minecraft:oak_sapling":3,"minecraft:furnace":1,"tombstone:gift":3,"minecraft:cooked_beef":4,"minecraft:coarse_dirt":1},"minecraft:killed_by":{"minecraft:skeleton":1},"minecraft:custom":{"minecraft:interact_with_furnace":20,"minecraft:mob_kills":20,"minecraft:interact_with_crafting_table":12,"minecraft:interact_with_campfire":4,"minecraft:time_since_death":32479,"minecraft:sleep_in_bed":3,"minecraft:climb_one_cm":2391,"minecraft:time_since_rest":10683,"minecraft:sprint_one_cm":28362,"minecraft:damage_taken":815,"minecraft:walk_one_cm":884746,"minecraft:damage_blocked_by_shield":180,"minecraft:drop":9,"minecraft:damage_dealt":3389,"minecraft:swim_one_cm":1685,"minecraft:fly_one_cm":26301,"minecraft:open_chest":11,"minecraft:crouch_one_cm":2172,"minecraft:play_time":50533,"tombstone:undead_killed":11,"minecraft:deaths":1,"minecraft:sneak_time":425,"minecraft:walk_under_water_one_cm":5352,"minecraft:jump":663,"minecraft:walk_on_water_one_cm":13554,"minecraft:total_world_time":50533,"minecraft:fall_one_cm":7588}},"DataVersion":3465}