{"stats":{"minecraft:mined":{"iceandfire:podium_dark_oak":1,"minecraft:crafting_table":2,"minecraft:chest":1,"iceandfire:lectern":1,"minecraft:stone_slab":1,"minecraft:large_fern":1,"minecraft:coarse_dirt":1,"minecraft:furnace":1,"minecraft:iron_ore":34,"minecraft:birch_log":6,"minecraft:spruce_log":2,"minecraft:birch_leaves":1,"minecraft:coal_ore":23,"minecraft:deepslate_iron_ore":4,"minecraft:dirt":4,"iceandfire:frost_lily":1,"minecraft:stone":41,"minecraft:fern":2},"minecraft:picked_up":{"minecraft:birch_log":6,"minecraft:coarse_dirt":1,"minecraft:crafting_table":2,"minecraft:cooked_beef":4,"minecraft:golden_leggings":1,"minecraft:stone_slab":1,"iceandfire:manuscript":7,"minecraft:dirt":4,"minecraft:bone":2,"iceandfire:bestiary":1,"iceandfire:frost_lily":1,"minecraft:beef":4,"tombstone:bag_of_seeds":1,"minecraft:chest":1,"minecraft:furnace":1,"minecraft:dark_oak_sapling":1,"minecraft:raw_iron":38,"epicfight:skillbook":2,"tombstone:grave_dust":3,"minecraft:spruce_log":2,"iceandfire:podium_dark_oak":1,"minecraft:arrow":2,"minecraft:rotten_flesh":9,"iceandfire:lectern":1,"minecraft:oak_sapling":3,"minecraft:mangrove_propagule":1,"minecraft:coal":23,"minecraft:cobblestone":41},"minecraft:dropped":{"minecraft:dark_oak_sapling":1,"minecraft:mangrove_propagule":1,"iceandfire:manuscript":7},"minecraft:killed":{"minecraft:spider":2,"minecraft:skeleton":2,"minecraft:zombie":9,"minecraft:cow":2},"minecraft:crafted":{"minecraft:crafting_table":1,"minecraft:spruce_planks":24,"minecraft:wooden_pickaxe":1,"minecraft:iron_helmet":1,"minecraft:iron_sword":1,"minecraft:furnace":1,"minecraft:birch_planks":24,"minecraft:iron_boots":1,"minecraft:iron_chestplate":1,"minecraft:shield":1,"minecraft:stick":8,"minecraft:iron_ingot":24,"minecraft:iron_pickaxe":1,"minecraft:stone_pickaxe":1,"minecraft:stone_sword":1},"minecraft:used":{"epicfight:skillbook":2,"minecraft:stone_sword":111,"minecraft:stone_pickaxe":81,"minecraft:shield":1,"minecraft:wooden_pickaxe":6,"minecraft:iron_sword":4,"minecraft:crafting_table":1,"minecraft:iron_pickaxe":21,"minecraft:cobblestone":8,"minecraft:oak_sapling":3,"minecraft:furnace":1,"tombstone:gift":3,"minecraft:cooked_beef":4,"minecraft:coarse_dirt":1},"minecraft:killed_by":{"minecraft:skeleton":1},"minecraft:custom":{"minecraft:interact_with_furnace":20,"minecraft:mob_kills":16,"minecraft:interact_with_crafting_table":12,"minecraft:interact_with_campfire":4,"minecraft:time_since_death":20479,"minecraft:sleep_in_bed":2,"minecraft:climb_one_cm":2391,"minecraft:time_since_rest":19891,"minecraft:sprint_one_cm":20139,"minecraft:damage_taken":615,"minecraft:walk_one_cm":667428,"minecraft:damage_blocked_by_shield":60,"minecraft:drop":3,"minecraft:damage_dealt":2983,"minecraft:fly_one_cm":18169,"minecraft:open_chest":4,"minecraft:crouch_one_cm":2172,"minecraft:play_time":38533,"tombstone:undead_killed":11,"minecraft:deaths":1,"minecraft:sneak_time":425,"minecraft:walk_under_water_one_cm":43,"minecraft:jump":512,"minecraft:walk_on_water_one_cm":66,"minecraft:total_world_time":38533,"minecraft:fall_one_cm":5232}},"DataVersion":3465}