{"stats":{"minecraft:killed":{"minecraft:spider":2,"minecraft:skeleton":3,"minecraft:chicken":2,"minecraft:drowned":3,"jeg:ghoul":2,"minecraft:pig":4,"minecraft:squid":5,"minecraft:sheep":5,"minecraft:zombie":15,"alexsmobs:fly":3,"minecraft:cow":6,"minecraft:enderman":1},"minecraft:mined":{"minecraft:dark_oak_leaves":5,"minecraft:dark_oak_log":17,"minecraft:spruce_fence":1,"minecraft:grass_block":8,"minecraft:decorated_pot":1,"minecraft:moss_block":16,"minecraft:large_fern":2,"minecraft:furnace":7,"minecraft:iron_ore":41,"minecraft:moss_carpet":1,"minecraft:deepslate_iron_ore":10,"minecraft:stripped_oak_log":1,"minecraft:azalea":1,"minecraft:stone":122,"minecraft:smoker":1,"minecraft:clay":15,"minecraft:crafting_table":14,"minecraft:torch":10,"minecraft:blast_furnace":1,"minecraft:campfire":1,"minecraft:tall_grass":14,"minecraft:cobblestone":4,"minecraft:deepslate_gold_ore":1,"minecraft:sugar_cane":4,"minecraft:oak_planks":4,"minecraft:birch_planks":2,"minecraft:birch_log":6,"minecraft:grass":11,"minecraft:coal_ore":24,"minecraft:sand":15,"minecraft:dirt":37,"minecraft:small_dripleaf":1,"minecraft:gold_ore":8,"minecraft:deepslate":2},"minecraft:used":{"minecraft:stone_sword":72,"minecraft:shield":2,"minecraft:iron_sword":96,"minecraft:cooked_chicken":2,"minecraft:torch":10,"minecraft:dirt":91,"minecraft:wooden_axe":53,"travelersbackpack:squid":4,"minecraft:bow":13,"minecraft:furnace":8,"tombstone:gift":2,"minecraft:cooked_beef":1,"minecraft:birch_planks":6,"minecraft:glass_bottle":17,"minecraft:stone_pickaxe":138,"minecraft:oak_planks":1,"minecraft:wooden_pickaxe":37,"minecraft:crafting_table":14,"minecraft:dark_oak_door":1,"minecraft:bread":9,"minecraft:iron_pickaxe":74,"minecraft:gravel":2,"minecraft:wooden_sword":54,"minecraft:cobblestone":13,"minecraft:potion":19,"minecraft:cooked_porkchop":2},"minecraft:custom":{"minecraft:interact_with_smithing_table":1,"minecraft:inspect_dropper":1,"minecraft:mob_kills":54,"minecraft:interact_with_crafting_table":30,"minecraft:interact_with_campfire":3,"minecraft:bell_ring":1,"minecraft:leave_game":2,"minecraft:time_since_death":26576,"minecraft:climb_one_cm":8992,"minecraft:sprint_one_cm":84295,"minecraft:walk_one_cm":2051463,"minecraft:damage_blocked_by_shield":120,"minecraft:drop":76,"minecraft:talked_to_villager":3,"minecraft:play_time":164535,"minecraft:deaths":5,"minecraft:sneak_time":2061,"minecraft:walk_under_water_one_cm":23275,"minecraft:jump":1273,"minecraft:interact_with_blast_furnace":7,"minecraft:walk_on_water_one_cm":109688,"minecraft:total_world_time":164535,"minecraft:interact_with_furnace":74,"minecraft:interact_with_loom":1,"minecraft:interact_with_grindstone":1,"minecraft:sleep_in_bed":7,"minecraft:time_since_rest":6726,"minecraft:damage_taken":2197,"minecraft:damage_dealt":7295,"minecraft:swim_one_cm":12380,"minecraft:fly_one_cm":65675,"minecraft:open_chest":25,"minecraft:crouch_one_cm":9466,"tombstone:undead_killed":23,"minecraft:interact_with_smoker":2,"minecraft:fall_one_cm":10550,"minecraft:inspect_dispenser":1,"minecraft:horse_one_cm":412224},"minecraft:broken":{"minecraft:stone_pickaxe":1},"minecraft:dropped":{"minecraft:iron_ingot":2,"minecraft:moss_block":6,"minecraft:wheat_seeds":2,"minecraft:feather":4,"minecraft:cobblestone":5,"minecraft:torch":1,"minecraft:wooden_axe":1,"minecraft:potion":3,"minecraft:iron_leggings":1,"minecraft:string":1,"minecraft:gold_ingot":1,"simplefarming:cotton_seeds":4,"minecraft:moss_carpet":3,"alexsmobs:maggot":3,"tombstone:gift":2,"minecraft:rotten_flesh":10,"minecraft:spruce_fence":1,"minecraft:gunpowder":1,"simplefarming:honeydew_seeds":5,"minecraft:allium":38,"minecraft:spruce_trapdoor":1,"minecraft:andesite_stairs":1,"minecraft:oak_sapling":1,"minecraft:azalea":1,"minecraft:brick":1},"minecraft:crafted":{"minecraft:wooden_sword":2,"minecraft:oak_planks":4,"minecraft:cooked_chicken":2,"minecraft:furnace":2,"minecraft:cooked_mutton":5,"minecraft:glass":15,"travelersbackpack:white_sleeping_bag":1,"minecraft:iron_boots":1,"minecraft:stone_pickaxe":3,"minecraft:chest":1,"minecraft:dark_oak_planks":48,"minecraft:cooked_beef":8,"minecraft:glass_bottle":3,"minecraft:cooked_porkchop":2,"minecraft:crafting_table":1,"travelersbackpack:backpack_tank":2,"minecraft:wooden_pickaxe":2,"minecraft:iron_helmet":1,"travelersbackpack:standard":1,"minecraft:iron_sword":1,"minecraft:birch_planks":12,"travelersbackpack:squid":1,"minecraft:iron_chestplate":1,"minecraft:charcoal":8,"minecraft:shield":1,"minecraft:stick":36,"minecraft:iron_ingot":53,"minecraft:iron_pickaxe":1,"minecraft:wooden_axe":2,"minecraft:stone_sword":2,"minecraft:iron_leggings":1,"minecraft:gold_ingot":9,"minecraft:torch":8},"minecraft:picked_up":{"iceandfire:dragon_skull_lightning":1,"minecraft:crafting_table":14,"minecraft:allium":57,"minecraft:chicken":2,"minecraft:clay_ball":56,"minecraft:potion":3,"minecraft:brick":1,"minecraft:moss_carpet":3,"minecraft:beef":18,"minecraft:andesite_stairs":1,"minecraft:azalea":1,"minecraft:sugar_cane":8,"minecraft:spruce_trapdoor":1,"minecraft:furnace":7,"minecraft:dark_oak_door":1,"minecraft:stick":1,"minecraft:raw_iron":51,"iceandfire:dragonbone":24,"minecraft:torch":11,"minecraft:spruce_fence":1,"minecraft:porkchop":8,"jeg:healing_talisman":4,"minecraft:arrow":3,"minecraft:rotten_flesh":15,"minecraft:tropical_fish":1,"minecraft:saddle":1,"minecraft:mutton":9,"minecraft:birch_log":6,"minecraft:white_wool":5,"minecraft:cobblestone":124,"minecraft:stripped_oak_log":1,"minecraft:feather":4,"minecraft:brown_wool":1,"minecraft:leather":7,"minecraft:smoker":1,"minecraft:birch_planks":2,"minecraft:gunpowder":1,"minecraft:dirt":76,"minecraft:bow":1,"minecraft:wheat_seeds":3,"minecraft:raw_gold":9,"simplefarming:honeydew_seeds":4,"minecraft:moss_block":6,"minecraft:oak_planks":3,"minecraft:cooked_porkchop":3,"minecraft:gravel":2,"minecraft:sand":15,"minecraft:blast_furnace":1,"minecraft:ink_sac":12,"minecraft:dark_oak_log":17,"minecraft:spider_eye":1,"minecraft:polished_andesite":1,"alexsmobs:maggot":3,"minecraft:oak_sapling":1,"minecraft:coal":24,"simplefarming:cotton_seeds":4},"minecraft:killed_by":{"minecraft:creeper":1,"minecraft:enderman":1,"minecraft:skeleton":2}},"DataVersion":3465}