{"stats":{"minecraft:mined":{"minecraft:large_fern":1,"minecraft:coarse_dirt":1,"minecraft:birch_log":6,"minecraft:iron_ore":3,"minecraft:birch_leaves":1,"minecraft:crafting_table":1,"minecraft:dirt":3,"iceandfire:frost_lily":1,"minecraft:stone":7,"minecraft:fern":2},"minecraft:picked_up":{"minecraft:birch_log":6,"minecraft:dark_oak_sapling":1,"minecraft:crafting_table":1,"minecraft:coarse_dirt":1,"minecraft:raw_iron":3,"epicfight:skillbook":2,"minecraft:dirt":3,"minecraft:rotten_flesh":7,"iceandfire:frost_lily":1,"minecraft:beef":4,"tombstone:bag_of_seeds":1,"minecraft:oak_sapling":3,"minecraft:mangrove_propagule":1,"minecraft:cobblestone":7},"minecraft:dropped":{"minecraft:dark_oak_sapling":1},"minecraft:killed":{"minecraft:zombie":7,"minecraft:spider":2,"minecraft:cow":2},"minecraft:crafted":{"minecraft:stick":8,"minecraft:wooden_pickaxe":1,"minecraft:stone_pickaxe":1,"minecraft:stone_sword":1,"minecraft:birch_planks":24},"minecraft:used":{"epicfight:skillbook":2,"minecraft:stone_sword":85,"minecraft:stone_pickaxe":7,"minecraft:wooden_pickaxe":6,"minecraft:oak_sapling":3},"minecraft:custom":{"minecraft:time_since_rest":14533,"minecraft:sprint_one_cm":18555,"minecraft:damage_taken":165,"minecraft:walk_one_cm":299757,"minecraft:mob_kills":11,"minecraft:drop":1,"minecraft:damage_dealt":2006,"minecraft:interact_with_crafting_table":2,"minecraft:fly_one_cm":17732,"minecraft:open_chest":2,"minecraft:play_time":14533,"tombstone:undead_killed":7,"minecraft:interact_with_campfire":4,"minecraft:walk_under_water_one_cm":43,"minecraft:jump":232,"minecraft:time_since_death":14533,"minecraft:walk_on_water_one_cm":36,"minecraft:climb_one_cm":0,"minecraft:total_world_time":14533,"minecraft:fall_one_cm":2001}},"DataVersion":3465}