{"stats":{"minecraft:mined":{"iceandfire:podium_dark_oak":1,"minecraft:powder_snow":1,"minecraft:crafting_table":2,"minecraft:grass_block":5,"minecraft:chest":1,"iceandfire:lectern":2,"minecraft:stone_slab":1,"minecraft:tall_grass":1,"minecraft:spruce_leaves":2,"minecraft:blue_bed":1,"minecraft:large_fern":1,"minecraft:coarse_dirt":1,"minecraft:furnace":3,"minecraft:iron_ore":43,"minecraft:birch_log":6,"minecraft:spruce_log":2,"minecraft:birch_leaves":1,"minecraft:grass":9,"minecraft:coal_ore":25,"minecraft:deepslate_iron_ore":4,"minecraft:dirt":4,"iceandfire:frost_lily":5,"minecraft:stone":50,"minecraft:fern":4},"minecraft:picked_up":{"minecraft:birch_log":6,"minecraft:coarse_dirt":1,"minecraft:crafting_table":2,"minecraft:feather":8,"minecraft:cooked_beef":4,"minecraft:chicken":2,"minecraft:leather":4,"minecraft:golden_leggings":1,"minecraft:stone_slab":1,"minecraft:blue_bed":1,"iceandfire:manuscript":7,"minecraft:dirt":4,"minecraft:bone":3,"minecraft:bow":1,"iceandfire:bestiary":1,"minecraft:wheat_seeds":1,"iceandfire:frost_lily":5,"minecraft:beef":4,"tombstone:bag_of_seeds":1,"minecraft:chest":1,"minecraft:furnace":3,"minecraft:dark_oak_sapling":1,"minecraft:stick":2,"minecraft:raw_iron":47,"epicfight:skillbook":2,"minecraft:porkchop":5,"minecraft:ink_sac":2,"minecraft:spruce_sapling":1,"tombstone:grave_dust":3,"minecraft:spruce_log":2,"iceandfire:podium_dark_oak":1,"minecraft:arrow":2,"minecraft:rotten_flesh":10,"iceandfire:lectern":2,"minecraft:gold_ingot":1,"minecraft:black_wool":1,"minecraft:oak_sapling":3,"minecraft:mangrove_propagule":2,"minecraft:coal":29,"minecraft:white_wool":2,"minecraft:cobblestone":51},"minecraft:dropped":{"minecraft:dark_oak_sapling":1,"farmersdelight:cabbage_seeds":1,"minecraft:mangrove_propagule":2,"minecraft:feather":8,"minecraft:coal":4,"minecraft:large_fern":1,"iceandfire:podium_dark_oak":1,"minecraft:bone":2,"iceandfire:manuscript":7,"minecraft:spruce_sapling":5},"minecraft:killed":{"minecraft:pig":2,"minecraft:spider":2,"minecraft:squid":1,"minecraft:sheep":3,"minecraft:skeleton":3,"minecraft:zombie":11,"minecraft:chicken":4,"minecraft:cow":6},"minecraft:crafted":{"minecraft:cooked_porkchop":5,"minecraft:crafting_table":1,"minecraft:spruce_planks":24,"minecraft:wooden_pickaxe":1,"minecraft:iron_helmet":1,"minecraft:iron_sword":1,"minecraft:furnace":1,"minecraft:birch_planks":24,"minecraft:iron_boots":1,"minecraft:iron_chestplate":1,"minecraft:shield":1,"minecraft:stick":8,"minecraft:iron_ingot":24,"minecraft:iron_pickaxe":1,"minecraft:stone_pickaxe":1,"minecraft:stone_sword":1},"minecraft:used":{"iceandfire:lectern":1,"epicfight:skillbook":2,"minecraft:stone_sword":111,"minecraft:stone_pickaxe":81,"minecraft:shield":6,"minecraft:wooden_pickaxe":6,"minecraft:iron_sword":63,"minecraft:blue_bed":1,"minecraft:crafting_table":2,"minecraft:bread":10,"minecraft:iron_pickaxe":43,"minecraft:cobblestone":8,"minecraft:oak_sapling":3,"minecraft:furnace":3,"minecraft:cooked_porkchop":2,"tombstone:gift":3,"minecraft:cooked_beef":4,"minecraft:coarse_dirt":1},"minecraft:killed_by":{"iceandfire:ice_dragon":2,"minecraft:skeleton":2},"minecraft:custom":{"minecraft:interact_with_furnace":27,"minecraft:mob_kills":33,"minecraft:interact_with_crafting_table":13,"minecraft:interact_with_campfire":4,"minecraft:leave_game":1,"minecraft:time_since_death":16685,"minecraft:sleep_in_bed":4,"minecraft:climb_one_cm":2415,"minecraft:time_since_rest":14286,"minecraft:sprint_one_cm":237337,"minecraft:damage_taken":1893,"minecraft:walk_one_cm":1682990,"minecraft:damage_blocked_by_shield":375,"minecraft:drop":11,"minecraft:damage_dealt":4791,"minecraft:swim_one_cm":1685,"minecraft:fly_one_cm":422068,"minecraft:open_chest":14,"minecraft:crouch_one_cm":2172,"minecraft:play_time":95140,"tombstone:undead_killed":14,"minecraft:deaths":4,"minecraft:sneak_time":425,"minecraft:walk_under_water_one_cm":6282,"minecraft:jump":2114,"minecraft:walk_on_water_one_cm":21949,"minecraft:total_world_time":95140,"minecraft:fall_one_cm":18530}},"DataVersion":3465}