{"stats":{"minecraft:mined":{"minecraft:large_fern":1,"minecraft:coarse_dirt":1,"minecraft:birch_log":6,"minecraft:iron_ore":8,"minecraft:birch_leaves":1,"minecraft:crafting_table":1,"minecraft:coal_ore":20,"minecraft:deepslate_iron_ore":4,"minecraft:chest":1,"minecraft:dirt":4,"iceandfire:frost_lily":1,"minecraft:stone":31,"minecraft:fern":2},"minecraft:picked_up":{"minecraft:birch_log":6,"minecraft:dark_oak_sapling":1,"minecraft:crafting_table":1,"minecraft:coarse_dirt":1,"minecraft:raw_iron":12,"minecraft:cooked_beef":4,"minecraft:golden_leggings":1,"epicfight:skillbook":2,"tombstone:grave_dust":3,"minecraft:dirt":4,"minecraft:arrow":2,"minecraft:rotten_flesh":9,"iceandfire:frost_lily":1,"minecraft:beef":4,"tombstone:bag_of_seeds":1,"minecraft:oak_sapling":3,"minecraft:chest":1,"minecraft:coal":20,"minecraft:mangrove_propagule":1,"minecraft:cobblestone":31},"minecraft:dropped":{"minecraft:dark_oak_sapling":1},"minecraft:killed":{"minecraft:skeleton":1,"minecraft:zombie":9,"minecraft:spider":2,"minecraft:cow":2},"minecraft:crafted":{"minecraft:stick":8,"minecraft:wooden_pickaxe":1,"minecraft:stone_pickaxe":1,"minecraft:stone_sword":1,"minecraft:birch_planks":24},"minecraft:used":{"epicfight:skillbook":2,"minecraft:stone_sword":111,"minecraft:stone_pickaxe":61,"minecraft:wooden_pickaxe":6,"minecraft:oak_sapling":3,"minecraft:cooked_beef":3,"minecraft:coarse_dirt":1},"minecraft:killed_by":{"minecraft:skeleton":1},"minecraft:custom":{"minecraft:time_since_rest":7891,"minecraft:sprint_one_cm":20105,"minecraft:damage_taken":543,"minecraft:walk_one_cm":526677,"minecraft:mob_kills":15,"minecraft:drop":1,"minecraft:damage_dealt":2783,"minecraft:interact_with_crafting_table":2,"minecraft:fly_one_cm":18079,"minecraft:open_chest":3,"minecraft:crouch_one_cm":902,"minecraft:play_time":26533,"minecraft:deaths":1,"tombstone:undead_killed":10,"minecraft:interact_with_campfire":4,"minecraft:sneak_time":256,"minecraft:walk_under_water_one_cm":43,"minecraft:jump":404,"minecraft:time_since_death":8479,"minecraft:walk_on_water_one_cm":36,"minecraft:sleep_in_bed":2,"minecraft:climb_one_cm":1324,"minecraft:total_world_time":26533,"minecraft:fall_one_cm":3680}},"DataVersion":3465}