{"stats":{"minecraft:used":{"minecraft:spruce_door":1,"minecraft:glass_bottle":2,"minecraft:spruce_slab":12,"minecraft:stone_pickaxe":26,"minecraft:oak_planks":11,"minecraft:chest":1,"minecraft:spruce_planks":32,"minecraft:wooden_pickaxe":4,"minecraft:iron_sword":79,"minecraft:torch":35,"minecraft:crafting_table":2,"minecraft:carrot":2,"minecraft:dark_oak_planks":9,"minecraft:wooden_axe":18,"minecraft:apple":1,"minecraft:bread":5,"jeg:healing_talisman":1,"minecraft:stone_axe":2,"minecraft:wooden_sword":10,"minecraft:potion":1,"minecraft:sweet_berries":5,"minecraft:purple_bed":1,"minecraft:air":1},"minecraft:picked_up":{"minecraft:pink_petals":5,"minecraft:crafting_table":1,"minecraft:coarse_dirt":1,"simplefarming:soybean_seeds":1,"minecraft:chicken":1,"minecraft:clay_ball":16,"minecraft:oak_log":6,"minecraft:string":2,"minecraft:apple":1,"minecraft:wheat_seeds":2,"minecraft:cooked_chicken":1,"minecraft:bamboo":4,"minecraft:gray_candle":3,"minecraft:spruce_trapdoor":4,"minecraft:egg":1,"minecraft:book":3,"minecraft:dark_oak_sapling":1,"minecraft:cooked_porkchop":2,"minecraft:torch":7,"minecraft:spruce_stairs":1,"minecraft:sand":1,"tombstone:grave_dust":1,"minecraft:spruce_log":12,"minecraft:dark_oak_log":3,"minecraft:spider_eye":1,"minecraft:dark_oak_planks":1,"minecraft:rotten_flesh":12,"jeg:healing_talisman":1,"minecraft:purple_bed":1,"simplefarming:strawberry_bush":1,"jeg:ectoplasm":3,"simplefarming:strawberries":1,"minecraft:pink_tulip":2,"alexsmobs:banana_slug_slime":1,"alexsmobs:maggot":3,"minecraft:coal":6,"minecraft:cobblestone":19},"minecraft:killed":{"minecraft:husk":8,"minecraft:spider":1,"alexsmobs:banana_slug":1,"minecraft:zombie":1,"minecraft:chicken":1,"alexsmobs:fly":1},"minecraft:crafted":{"minecraft:wooden_sword":1,"minecraft:oak_planks":24,"minecraft:crafting_table":1,"minecraft:spruce_planks":76,"minecraft:wooden_pickaxe":1,"minecraft:spruce_door":3,"minecraft:stone_axe":1,"minecraft:spruce_trapdoor":2,"minecraft:iron_axe":1,"minecraft:spruce_slab":12,"minecraft:stick":24,"minecraft:iron_leggings":1,"minecraft:iron_pickaxe":1,"minecraft:stone_pickaxe":1,"minecraft:wooden_axe":1,"minecraft:chest":1,"minecraft:oak_button":2,"minecraft:dark_oak_planks":8,"minecraft:torch":40},"minecraft:killed_by":{"minecraft:husk":3,"minecraft:skeleton":1,"alexsmobs:grizzly_bear":1},"minecraft:custom":{"minecraft:interact_with_furnace":1,"minecraft:mob_kills":15,"minecraft:interact_with_crafting_table":12,"minecraft:open_barrel":2,"minecraft:interact_with_campfire":1,"minecraft:leave_game":1,"minecraft:time_since_death":7280,"minecraft:sleep_in_bed":3,"minecraft:time_since_rest":7052,"minecraft:sprint_one_cm":259398,"minecraft:damage_taken":2366,"minecraft:walk_one_cm":484010,"minecraft:drop":4,"minecraft:damage_dealt":4244,"minecraft:swim_one_cm":11940,"minecraft:fly_one_cm":101630,"minecraft:open_chest":14,"minecraft:crouch_one_cm":2682,"minecraft:play_time":50425,"tombstone:undead_killed":9,"minecraft:deaths":8,"minecraft:sneak_time":553,"minecraft:walk_under_water_one_cm":18150,"minecraft:jump":529,"minecraft:walk_on_water_one_cm":16256,"minecraft:total_world_time":50425,"minecraft:use_cauldron":3,"minecraft:fall_one_cm":7926},"minecraft:mined":{"minecraft:dark_oak_planks":1,"minecraft:clay":4,"minecraft:crafting_table":1,"minecraft:spruce_trapdoor":4,"minecraft:torch":2,"minecraft:wall_torch":3,"minecraft:spruce_stairs":1,"minecraft:spawner":1,"minecraft:large_fern":1,"minecraft:seagrass":2,"minecraft:purple_bed":1,"minecraft:coarse_dirt":1,"minecraft:spruce_log":12,"minecraft:grass":1,"minecraft:bookshelf":1,"minecraft:coal_ore":7,"minecraft:oak_log":6,"minecraft:sand":1,"minecraft:dirt":1,"minecraft:stone":19,"simplefarming:strawberry_bush":1,"simplefarming:fruit_log":1,"minecraft:gray_candle":1},"minecraft:dropped":{"minecraft:cooked_porkchop":2,"minecraft:dark_oak_log":1,"minecraft:oak_button":2}},"DataVersion":3465}